{
	"format_version": "1.8.0",
	"animations": {
		"animation.mob_chest.open": {
			"loop": "hold_on_last_frame",
			"animation_length": 0.5,
			"bones": {
				"top": {
					"rotation": {
						"0.0": [0, 0, 0],
						"0.0417": [-2.82138, 0, 0],
						"0.0833": [-8.44537, 0, 0],
						"0.125": [-15.301, 0, 0],
						"0.1667": [-22.82036, 0, 0],
						"0.2083": [-30.70332, 0, 0],
						"0.2917": [-46.79668, 0, 0],
						"0.3333": [-54.67964, 0, 0],
						"0.375": [-62.199, 0, 0],
						"0.4167": [-69.05463, 0, 0],
						"0.4583": [-74.67862, 0, 0],
						"0.5": [-77.5, 0, 0]
					}
				}
			}
		},
		"animation.mob_chest.default": {
			"loop": true
		},
		"animation.mob_chest.close": {
			"loop": "hold_on_last_frame",
			"animation_length": 0.5,
			"bones": {
				"top": {
					"rotation": {
						"0.0": [-77.5, 0, 0],
						"0.0417": [-74.67862, 0, 0],
						"0.0833": [-69.05463, 0, 0],
						"0.125": [-62.199, 0, 0],
						"0.1667": [-54.67964, 0, 0],
						"0.2083": [-46.79668, 0, 0],
						"0.2917": [-30.70332, 0, 0],
						"0.3333": [-22.82036, 0, 0],
						"0.375": [-15.301, 0, 0],
						"0.4167": [-8.44537, 0, 0],
						"0.4583": [-2.82138, 0, 0],
						"0.5": [0, 0, 0]
					}
				}
			}
		},
		"animation.mob_chest.spawn": {
			"loop": "hold_on_last_frame",
			"animation_length": 1,
			"bones": {
				"chest": {
					"scale": {
						"0.0": [0.3, 0.3, 0.3],
						"1.0": [1, 1, 1]
					}
				}
			}
		}
	}
}